{
    "mysql-server-settings": [
        {
            "host-local": "127.0.0.1",
            "admin-user": "domotoystgsvr", 
            "password": "ySyd,r6Y1h:jNw6",
            "mysql-port": 3306,
            "db": "domotoyawsdatabase"
        }
    ], 
    "ssh-settings": [
        {
            "host-remote": "ec2-15-237-27-210.eu-west-3.compute.amazonaws.com",
            "port": 22,
            "server-user": "ubuntu",
            "private-key": "domotoy-key.pem"
        }
    ]
}